{"count":1,"self":1671.2531967999998,"total":4780.5598334999995,"children":{"InitializeActuators":{"count":5740,"self":0.0618094,"total":0.0618094,"children":null},"InitializeSensors":{"count":5740,"self":0.047007299999999995,"total":0.047007299999999995,"children":null},"AgentSendState":{"count":629601,"self":7.1166288,"total":59.4567341,"children":{"CollectObservations":{"count":1006112,"self":4.5635335999999995,"total":4.5635335,"children":null},"WriteActionMask":{"count":1006112,"self":27.8796768,"total":27.879675499999998,"children":null},"RequestDecision":{"count":1006112,"self":7.4407584,"total":19.896896599999998,"children":{"AgentInfo.ToProto":{"count":1006112,"self":4.7005875999999995,"total":12.456138399999999,"children":{"GenerateSensorData":{"count":1006112,"self":7.7555511999999993,"total":7.7555508999999994,"children":null}}}}}}},"DecideAction":{"count":629601,"self":3044.156416,"total":3044.1563615,"children":null},"AgentAct":{"count":629601,"self":4.7112456,"total":4.7112457999999995,"children":null},"AgentInfo.ToProto":{"count":56416,"self":0.4021546,"total":0.8725107,"children":{"GenerateSensorData":{"count":56416,"self":0.4703561,"total":0.4703561,"children":null}}}},"gauges":{"BattleSystem_poca.CumulativeReward":{"count":56416,"max":0,"min":0,"runningAverage":0,"value":0,"weightedAverage":0}},"metadata":{"timer_format_version":"0.1.0","start_time_seconds":"1697268712","unity_version":"2021.3.25f1","command_line_arguments":"C:\\Program Files\\Unity\\Hub\\Editor\\2021.3.25f1\\Editor\\Unity.exe -projectpath C:\\Users\\kamif\\RPG_BattleSystem -useHub -hubIPC -cloudEnvironment production","communication_protocol_version":"1.5.0","com.unity.ml-agents_version":"2.3.0-exp.3","scene_name":"SampleScene","end_time_seconds":"1697273492"}}